sample_id,final_classification,confidence_score,label,predicted,processing_time
77157,malicious,0.7224999999999999,0,1,5.406187057495117
28466,malicious,0.7224999999999999,1,1,3.122523784637451
12466,malicious,0.73825,0,1,13.446314811706543
39445,legitimate,0.8725,0,0,11.863990306854248
14497,malicious,0.7224999999999999,1,1,17.731453895568848
61236,malicious,0.7508499999999999,1,1,3.43744158744812
70485,legitimate,0.8725,0,0,4.803273916244507
20511,malicious,0.7224999999999999,1,1,6.6128089427948
58312,malicious,0.7224999999999999,1,1,6.275975704193115
66837,legitimate,0.8725,0,0,5.189309597015381
16054,malicious,0.7224999999999999,1,1,21.22133207321167
34128,legitimate,0.8725,0,0,9.361154794692993
27363,malicious,0.7224999999999999,1,1,6.507142782211304
10994,legitimate,0.8725,0,0,5.961285352706909
19137,malicious,0.7224999999999999,1,1,4.41259241104126
6546,legitimate,0.8725,0,0,7.106415271759033
73826,malicious,0.7224999999999999,1,1,3.7764594554901123
13439,legitimate,0.8725,0,0,3.3361752033233643
21861,legitimate,0.8725,0,0,11.000439643859863
28178,legitimate,0.85675,1,0,7.254345893859863
41887,malicious,0.7224999999999999,1,1,5.474193096160889
57080,malicious,0.7224999999999999,1,1,7.162922620773315
10431,malicious,0.7224999999999999,1,1,4.619864225387573
47272,legitimate,0.8725,0,0,16.036428213119507
24457,legitimate,0.8725,0,0,3.2424333095550537
36782,malicious,0.7224999999999999,1,1,4.418861150741577
41084,legitimate,0.85675,0,0,6.520167112350464
4104,malicious,0.7224999999999999,1,1,3.29494047164917
37297,malicious,0.7224999999999999,0,1,7.26072096824646
18503,malicious,0.7224999999999999,1,1,2.2224483489990234
24445,malicious,0.7224999999999999,0,1,12.38092827796936
20296,legitimate,0.8725,0,0,4.765417098999023
14356,legitimate,0.8725,0,0,5.646408557891846
27647,legitimate,0.8725,0,0,7.522314548492432
41797,malicious,0.7224999999999999,1,1,3.697999954223633
5443,malicious,0.7224999999999999,0,1,7.015939712524414
32483,legitimate,0.8725,0,0,5.32580304145813
29569,legitimate,0.85675,0,0,9.42405104637146
55639,malicious,0.7224999999999999,1,1,6.597156047821045
24544,malicious,0.7224999999999999,1,1,4.726914882659912
68726,legitimate,0.8725,0,0,13.015675067901611
75871,malicious,0.7224999999999999,1,1,4.47322154045105
67648,malicious,0.73825,1,1,3.784550428390503
44953,malicious,0.7224999999999999,1,1,5.008596897125244
36010,malicious,0.7224999999999999,0,1,13.080607414245605
76672,legitimate,0.8725,0,0,6.306118011474609
6696,legitimate,0.8725,0,0,5.611556768417358
57312,malicious,0.7224999999999999,1,1,5.929972410202026
36880,legitimate,0.8725,0,0,5.840259790420532
56781,legitimate,0.8725,0,0,5.249003171920776
43138,legitimate,0.8725,0,0,3.167724370956421
58249,malicious,0.7224999999999999,1,1,8.170021057128906
54606,legitimate,0.8725,0,0,4.487675666809082
24039,legitimate,0.8725,0,0,9.149261474609375
49189,malicious,0.7224999999999999,1,1,4.367365121841431
68913,malicious,0.7224999999999999,1,1,4.9472596645355225
6657,malicious,0.7224999999999999,1,1,7.468183517456055
60758,malicious,0.73825,1,1,1.9847619533538818
59203,legitimate,0.8725,0,0,5.138533592224121
37803,legitimate,0.8725,0,0,5.070122003555298
65211,malicious,0.7224999999999999,1,1,8.61719036102295
69423,malicious,0.7224999999999999,1,1,3.572648525238037
66718,malicious,0.7224999999999999,1,1,3.5674631595611572
62534,malicious,0.7224999999999999,1,1,5.717500925064087
44244,legitimate,0.8725,0,0,7.135161638259888
32065,legitimate,0.85675,0,0,5.933443307876587
41018,malicious,0.7224999999999999,1,1,6.167783975601196
29934,legitimate,0.8725,0,0,10.69410490989685
74010,malicious,0.7224999999999999,1,1,3.26193904876709
73552,legitimate,0.8725,1,0,9.905749559402466
53810,legitimate,0.8725,0,0,8.754283905029297
67627,malicious,0.7224999999999999,1,1,5.525274991989136
21863,malicious,0.73825,1,1,3.1849403381347656
7325,legitimate,0.8725,1,0,10.283128499984741
46193,malicious,0.7224999999999999,1,1,5.43102240562439
25000,malicious,0.7224999999999999,1,1,3.98483943939209
31868,legitimate,0.85675,0,0,8.897464752197266
30364,malicious,0.7224999999999999,1,1,2.5314009189605713
36730,malicious,0.7224999999999999,1,1,5.096764326095581
56687,malicious,0.7224999999999999,1,1,10.762182474136353
65157,legitimate,0.8725,0,0,6.747915506362915
64734,malicious,0.7224999999999999,0,1,9.525837421417236
23220,legitimate,0.8725,0,0,14.397710800170898
8151,malicious,0.73825,0,1,7.9213032722473145
58708,malicious,0.7224999999999999,1,1,4.658865690231323
76013,malicious,0.73825,0,1,10.715080499649048
38964,malicious,0.7603,1,1,2.453270673751831
32566,malicious,0.7350999999999999,1,1,2.615971565246582
30662,legitimate,0.8725,0,0,4.068746089935303
45260,legitimate,0.8725,0,0,7.636056184768677
24146,malicious,0.7224999999999999,0,1,8.854578733444214
4646,legitimate,0.8725,0,0,4.837486028671265
65208,legitimate,0.8725,0,0,6.8000428676605225
75299,legitimate,0.85675,0,0,7.705794095993042
7927,legitimate,0.85675,0,0,3.580491304397583
19879,legitimate,0.8725,0,0,5.113034248352051
71324,malicious,0.7224999999999999,1,1,4.920841932296753
9490,malicious,0.7494999999999999,1,1,7.353553295135498
72120,malicious,0.7224999999999999,1,1,8.308091402053833
10366,malicious,0.7224999999999999,1,1,5.31208348274231
26696,malicious,0.7224999999999999,0,1,6.163251876831055
55641,malicious,0.7224999999999999,1,1,5.83572244644165
13091,legitimate,0.8725,0,0,8.174866914749146
27405,legitimate,0.8725,0,0,5.8947179317474365
31932,malicious,0.7224999999999999,1,1,9.548948049545288
60935,legitimate,0.8725,0,0,3.630298376083374
65656,malicious,0.7224999999999999,0,1,12.291940927505493
24613,malicious,0.73825,0,1,5.871772289276123
23699,legitimate,0.8725,0,0,5.54185676574707
29464,legitimate,0.8599,0,0,3.901815891265869
31152,malicious,0.7224999999999999,1,1,5.584699869155884
18821,malicious,0.7224999999999999,1,1,5.238035440444946
17589,malicious,0.7224999999999999,1,1,4.766021251678467
62213,legitimate,0.8725,1,0,3.218985080718994
68545,legitimate,0.8725,0,0,9.401354551315308
40337,legitimate,0.8725,0,0,7.710238218307495
57187,malicious,0.7508499999999999,1,1,2.326883316040039
10531,malicious,0.7224999999999999,1,1,3.456439256668091
50224,legitimate,0.8455,0,0,4.007346153259277
12581,malicious,0.7224999999999999,1,1,5.108165502548218
27643,legitimate,0.8725,0,0,12.43518853187561
13794,malicious,0.7224999999999999,1,1,15.799781560897827
20773,malicious,0.73825,1,1,8.072232484817505
16987,legitimate,0.8725,0,0,2.11203932762146
10644,legitimate,0.8725,0,0,4.8507163524627686
544,malicious,0.7224999999999999,1,1,4.524223327636719
3620,malicious,0.7224999999999999,0,1,6.084420919418335
70754,legitimate,0.8725,0,0,3.4716989994049072
18959,legitimate,0.84415,0,0,4.118728160858154
38302,malicious,0.7224999999999999,1,1,4.089333534240723
55982,malicious,0.7224999999999999,0,1,3.5938751697540283
47036,legitimate,0.8725,1,0,5.907301902770996
77524,legitimate,0.85675,1,0,4.893441915512085
61129,legitimate,0.8725,0,0,9.704559564590454
28359,legitimate,0.8725,0,0,5.38871169090271
5066,legitimate,0.8455,0,0,2.989351272583008
15421,malicious,0.7224999999999999,1,1,4.6229188442230225
41613,legitimate,0.8725,0,0,2.918569326400757
60010,malicious,0.7224999999999999,1,1,10.413291692733765
7108,malicious,0.7224999999999999,1,1,5.425227165222168
60842,legitimate,0.8725,0,0,4.59270167350769
30956,legitimate,0.8725,0,0,6.625572919845581
30824,legitimate,0.8725,0,0,3.4203319549560547
56114,legitimate,0.85675,0,0,7.835283279418945
77230,malicious,0.7224999999999999,0,1,6.284475326538086
10736,legitimate,0.8725,0,0,7.858832836151123
9331,legitimate,0.8725,0,0,6.772326946258545
11788,malicious,0.7224999999999999,1,1,1.9976606369018555
38704,malicious,0.7224999999999999,1,1,4.726324796676636
44361,malicious,0.7224999999999999,1,1,6.541925430297852
29689,legitimate,0.8725,0,0,6.2118611335754395
27353,legitimate,0.85675,0,0,6.212261199951172
65891,legitimate,0.8725,0,0,4.161045789718628
5006,legitimate,0.8725,0,0,5.8111252784729
43876,legitimate,0.8725,1,0,7.723992347717285
10537,malicious,0.7350999999999999,1,1,3.1144299507141113
41719,legitimate,0.8725,0,0,13.362614631652832
52025,malicious,0.7224999999999999,0,1,4.426387548446655
63738,legitimate,0.8725,0,0,5.810587406158447
65380,legitimate,0.8725,0,0,4.821418762207031
3404,legitimate,0.8725,0,0,21.668206930160522
54266,legitimate,0.8725,0,0,5.832035064697266
69560,legitimate,0.8725,0,0,6.847509384155273
69660,legitimate,0.85675,0,0,4.583491325378418
25251,malicious,0.7224999999999999,0,1,5.685069561004639
48475,malicious,0.7224999999999999,1,1,4.474661827087402
28190,malicious,0.7224999999999999,1,1,6.3460001945495605
51346,malicious,0.7494999999999999,0,1,5.0681610107421875
60606,legitimate,0.8455,0,0,2.5162160396575928
42005,legitimate,0.8725,0,0,4.827849864959717
9857,malicious,0.7224999999999999,1,1,4.683395624160767
33226,malicious,0.7224999999999999,0,1,12.722368478775024
21090,malicious,0.7224999999999999,1,1,8.092605113983154
21561,legitimate,0.8725,0,0,3.230872631072998
18700,malicious,0.7224999999999999,0,1,11.465415716171265
54822,malicious,0.7350999999999999,1,1,3.7671263217926025
61232,legitimate,0.8725,1,0,7.808809995651245
48943,legitimate,0.85675,0,0,4.875146389007568
21582,legitimate,0.8725,0,0,5.308757305145264
63208,malicious,0.7224999999999999,1,1,6.52910590171814
66570,legitimate,0.8725,0,0,5.6907103061676025
34828,malicious,0.7224999999999999,1,1,3.7381200790405273
69641,malicious,0.7224999999999999,0,1,8.213353872299194
5690,legitimate,0.8725,0,0,3.615487575531006
35558,malicious,0.7224999999999999,1,1,8.534775733947754
49174,malicious,0.7224999999999999,1,1,5.263574600219727
58922,legitimate,0.8725,0,0,7.477723598480225
39939,malicious,0.73825,1,1,4.363920450210571
51784,malicious,0.7350999999999999,1,1,3.4142239093780518
47628,legitimate,0.8725,0,0,5.0561981201171875
8093,legitimate,0.8725,0,0,4.2418622970581055
63549,legitimate,0.8725,0,0,6.26161003112793
29035,legitimate,0.85675,0,0,3.410386085510254
45183,legitimate,0.8725,0,0,6.383943796157837
16337,legitimate,0.82975,0,0,11.884213209152222
525,legitimate,0.8725,0,0,2.065258264541626
28340,legitimate,0.8725,0,0,5.364385604858398
68449,malicious,0.7224999999999999,1,1,4.571459054946899
48224,legitimate,0.8725,0,0,2.8988373279571533
13578,legitimate,0.85675,0,0,6.385217666625977
38610,legitimate,0.79915,0,0,5.438634157180786
40447,malicious,0.7224999999999999,1,1,4.980455160140991
42995,legitimate,0.8725,0,0,8.784444093704224
41550,legitimate,0.8725,0,0,4.709832191467285
66798,legitimate,0.8725,0,0,3.588989019393921
21483,malicious,0.7224999999999999,1,1,3.1220760345458984
1448,malicious,0.7224999999999999,1,1,5.985334873199463
13405,legitimate,0.8725,0,0,6.589797019958496
19954,malicious,0.7224999999999999,0,1,10.932700634002686
68785,legitimate,0.8725,0,0,7.5432891845703125
21205,malicious,0.7224999999999999,1,1,4.657654762268066
56119,malicious,0.7224999999999999,1,1,9.044546365737915
32296,legitimate,0.8725,0,0,10.384852409362793
69233,legitimate,0.8725,0,0,8.001232385635376
62868,legitimate,0.8725,0,0,5.347377777099609
36922,legitimate,0.80635,0,0,9.295867919921875
67103,malicious,0.73825,0,1,5.93088173866272
47961,malicious,0.7224999999999999,1,1,4.736639022827148
57214,malicious,0.7224999999999999,0,1,8.762718439102173
12352,malicious,0.7224999999999999,1,1,5.649699449539185
55624,malicious,0.7224999999999999,1,1,5.979534864425659
63934,malicious,0.7224999999999999,1,1,10.400968074798584
5158,legitimate,0.8725,0,0,9.662790775299072
69080,malicious,0.7224999999999999,0,1,7.649335145950317
27287,malicious,0.7224999999999999,0,1,4.880543947219849
35166,malicious,0.73825,1,1,7.809211492538452
63965,legitimate,0.8725,0,0,8.000938415527344
1183,malicious,0.7224999999999999,1,1,4.629309415817261
33693,legitimate,0.8725,0,0,18.307586908340454
30627,legitimate,0.8725,0,0,6.682689905166626
8108,legitimate,0.8725,0,0,20.353006601333618
45590,legitimate,0.8725,0,0,4.418573379516602
36238,malicious,0.7224999999999999,0,1,4.746985912322998
53496,legitimate,0.8599,0,0,6.055304050445557
2475,legitimate,0.8725,0,0,5.627769470214844
26842,malicious,0.7224999999999999,1,1,5.857712030410767
52012,legitimate,0.84415,0,0,4.503215551376343
22910,legitimate,0.8725,0,0,7.5410730838775635
31381,malicious,0.7224999999999999,1,1,2.621066093444824
56138,malicious,0.7224999999999999,1,1,5.229482650756836
11505,malicious,0.7224999999999999,1,1,7.551507234573364
40156,malicious,0.7224999999999999,1,1,7.6904237270355225
57935,malicious,0.7224999999999999,1,1,16.632163047790527
7555,legitimate,0.85675,0,0,11.39182186126709
20087,legitimate,0.8725,0,0,5.797243356704712
49016,legitimate,0.8725,0,0,13.204617738723755
42915,malicious,0.7224999999999999,1,1,3.7741377353668213
48112,malicious,0.7224999999999999,0,1,7.678173065185547
22917,malicious,0.7350999999999999,1,1,5.144471883773804
65922,legitimate,0.8455,0,0,4.963899612426758
6294,legitimate,0.8725,0,0,5.192699432373047
23975,legitimate,0.8725,0,0,12.178595066070557
35983,malicious,0.7224999999999999,0,1,6.410430908203125
34206,malicious,0.7224999999999999,1,1,6.088568925857544
70725,malicious,0.7224999999999999,0,1,7.9143571853637695
54490,legitimate,0.8725,0,0,7.572924852371216
26185,malicious,0.7224999999999999,1,1,3.0390679836273193
24868,legitimate,0.8725,0,0,7.143009424209595
74364,legitimate,0.8725,0,0,10.026272535324097
51512,legitimate,0.8725,0,0,14.432860851287842
55837,malicious,0.7350999999999999,1,1,5.3676042556762695
46363,legitimate,0.8725,0,0,6.195526123046875
35205,malicious,0.7224999999999999,1,1,3.9725663661956787
73701,legitimate,0.8725,0,0,3.4614615440368652
39240,legitimate,0.8725,1,0,12.470692873001099
38858,legitimate,0.8725,0,0,8.627322435379028
1414,legitimate,0.8725,0,0,7.028086423873901
27591,malicious,0.7224999999999999,1,1,5.049942255020142
67764,malicious,0.7224999999999999,1,1,5.306645393371582
8843,malicious,0.7224999999999999,1,1,4.0724732875823975
73871,legitimate,0.8725,0,0,6.295955181121826
75612,malicious,0.7224999999999999,1,1,3.784022331237793
66219,legitimate,0.8725,0,0,2.84480357170105
31925,malicious,0.7224999999999999,1,1,4.864989519119263
55099,legitimate,0.85675,0,0,4.453443288803101
58509,malicious,0.7224999999999999,1,1,3.6415634155273438
47440,legitimate,0.8725,0,0,3.4013073444366455
30722,legitimate,0.8725,0,0,5.517856597900391
53548,legitimate,0.8725,0,0,4.67479681968689
63003,legitimate,0.8725,0,0,5.058643341064453
5717,malicious,0.7224999999999999,1,1,4.983314037322998
57961,malicious,0.7224999999999999,1,1,3.109987735748291
4231,malicious,0.7224999999999999,0,1,5.45885968208313
36978,malicious,0.7224999999999999,1,1,5.133641719818115
39954,legitimate,0.8725,0,0,2.471353054046631
9070,legitimate,0.84415,0,0,10.248329639434814
13549,malicious,0.7224999999999999,0,1,7.4371657371521
62480,malicious,0.7224999999999999,1,1,3.9222123622894287
7912,legitimate,0.8725,0,0,7.013990640640259
6272,legitimate,0.8725,0,0,6.851732969284058
60688,malicious,0.7224999999999999,1,1,8.12159252166748
77061,legitimate,0.8725,1,0,5.636416912078857
46335,legitimate,0.8725,0,0,5.373076438903809
20644,legitimate,0.8725,0,0,4.8169262409210205
28514,legitimate,0.8725,0,0,7.020801544189453
14010,malicious,0.7224999999999999,1,1,5.319045782089233
1639,legitimate,0.8725,0,0,6.523264408111572
24547,malicious,0.7224999999999999,1,1,4.30462121963501
66248,malicious,0.7224999999999999,1,1,2.697838068008423
4146,legitimate,0.8725,0,0,3.167877197265625
6202,malicious,0.7224999999999999,1,1,6.611936330795288
32301,malicious,0.7224999999999999,0,1,8.416409254074097
33890,legitimate,0.8599,0,0,6.707665920257568
55727,legitimate,0.8725,0,0,6.813631772994995
31583,legitimate,0.8725,0,0,3.3117120265960693
31516,legitimate,0.8725,0,0,3.878127098083496
35978,legitimate,0.8725,0,0,13.883373498916626
74931,malicious,0.7224999999999999,1,1,4.302237033843994
49177,malicious,0.7350999999999999,1,1,3.159240484237671
42446,malicious,0.7224999999999999,1,1,5.45603609085083
13478,malicious,0.7224999999999999,0,1,8.103784322738647
45164,malicious,0.7224999999999999,1,1,5.275349140167236
53212,malicious,0.7224999999999999,0,1,9.147847890853882
45149,malicious,0.7224999999999999,1,1,2.6144826412200928
23513,malicious,0.7224999999999999,1,1,2.751581907272339
8634,malicious,0.7224999999999999,1,1,3.071843147277832
60628,legitimate,0.8725,0,0,3.2609403133392334
11931,legitimate,0.8725,0,0,4.207695484161377
61300,legitimate,0.8725,0,0,7.83266806602478
12600,legitimate,0.8725,0,0,5.910905361175537
42462,legitimate,0.8725,1,0,7.969024896621704
74014,legitimate,0.8725,0,0,3.1488215923309326
76921,malicious,0.7224999999999999,1,1,5.058730840682983
63118,legitimate,0.8725,0,0,5.548631429672241
21437,malicious,0.7224999999999999,1,1,4.31090235710144
23812,malicious,0.7224999999999999,0,1,6.491930246353149
39798,legitimate,0.8725,0,0,9.0107581615448
1091,malicious,0.7224999999999999,1,1,7.698991298675537
38309,malicious,0.7224999999999999,1,1,5.858115196228027
27132,legitimate,0.8725,0,0,6.983667373657227
52556,malicious,0.7224999999999999,1,1,8.484114170074463
11098,legitimate,0.8725,0,0,7.970942497253418
62227,malicious,0.7224999999999999,1,1,4.960068464279175
21744,malicious,0.73825,0,1,10.309070825576782
18989,legitimate,0.8725,0,0,7.359236240386963
63007,malicious,0.7224999999999999,1,1,5.382263422012329
958,malicious,0.7224999999999999,1,1,11.188859462738037
28151,legitimate,0.85675,0,0,5.027859926223755
66262,malicious,0.7224999999999999,1,1,10.917226552963257
44486,legitimate,0.8725,0,0,3.751577377319336
37546,malicious,0.7224999999999999,1,1,7.945989608764648
70017,legitimate,0.8725,1,0,5.097841262817383
21076,malicious,0.7224999999999999,1,1,4.540451288223267
51198,legitimate,0.85675,0,0,4.200551509857178
20407,legitimate,0.8725,0,0,5.024307489395142
14770,malicious,0.73825,1,1,2.7881293296813965
75218,malicious,0.7224999999999999,0,1,12.367305517196655
68742,legitimate,0.84415,0,0,7.187736511230469
68670,malicious,0.73825,1,1,12.810621738433838
43757,malicious,0.7224999999999999,1,1,4.726497411727905
56720,malicious,0.7224999999999999,1,1,6.219529628753662
40138,legitimate,0.85675,0,0,6.368241548538208
68505,legitimate,0.8725,0,0,8.93842363357544
22896,legitimate,0.8725,0,0,3.7471890449523926
12678,legitimate,0.8725,0,0,9.758288145065308
63816,legitimate,0.8725,0,0,8.265377044677734
58711,malicious,0.7224999999999999,1,1,7.668370008468628
69642,malicious,0.7224999999999999,1,1,4.9943482875823975
62532,legitimate,0.8725,0,0,8.868861436843872
10119,legitimate,0.8725,0,0,8.517322301864624
33481,legitimate,0.8725,0,0,8.558947801589966
59715,legitimate,0.8725,0,0,3.034250259399414
7168,malicious,0.7224999999999999,1,1,3.9204041957855225
63251,legitimate,0.8599,0,0,5.681663274765015
59707,legitimate,0.8725,0,0,14.104748964309692
26626,malicious,0.73825,0,1,10.265495777130127
42506,legitimate,0.8725,0,0,2.2943263053894043
18449,legitimate,0.7865500000000001,0,0,3.9945290088653564
8045,legitimate,0.8725,0,0,6.140889644622803
58488,legitimate,0.85675,0,0,4.930527925491333
40017,legitimate,0.8725,0,0,4.686928749084473
6037,legitimate,0.81175,0,0,11.003609895706177
27506,malicious,0.7494999999999999,1,1,5.418974876403809
64172,malicious,0.7224999999999999,1,1,5.523576259613037
12490,legitimate,0.8725,0,0,8.022913217544556
34687,malicious,0.7224999999999999,1,1,10.482672691345215
20878,malicious,0.7224999999999999,1,1,6.5179688930511475
47712,malicious,0.7224999999999999,1,1,3.8441309928894043
71056,legitimate,0.8725,0,0,5.342972040176392
20950,malicious,0.7224999999999999,1,1,5.494216203689575
63342,legitimate,0.8725,0,0,9.594422578811646
48140,legitimate,0.8725,0,0,7.587301969528198
6758,malicious,0.73825,1,1,2.855839967727661
51102,malicious,0.73825,0,1,10.678771018981934
39643,malicious,0.7224999999999999,1,1,2.982659101486206
44432,legitimate,0.8725,0,0,9.366341590881348
6991,legitimate,0.8725,0,0,7.089851140975952
20797,malicious,0.7224999999999999,1,1,4.8878254890441895
49530,legitimate,0.85675,0,0,3.0323903560638428
44735,malicious,0.7224999999999999,0,1,14.171207904815674
19335,legitimate,0.8725,0,0,5.692610740661621
76713,malicious,0.7224999999999999,1,1,4.2239508628845215
32083,malicious,0.7350999999999999,0,1,15.85281229019165
46002,malicious,0.7224999999999999,1,1,5.539615631103516
57426,malicious,0.73825,1,1,4.022564888000488
52671,legitimate,0.85675,0,0,5.780869245529175
35162,legitimate,0.8725,0,0,5.421743631362915
4860,legitimate,0.8725,0,0,5.51010274887085
57186,legitimate,0.8725,0,0,6.7374677658081055
30850,legitimate,0.8725,0,0,6.130212306976318
60553,malicious,0.7224999999999999,1,1,5.072786092758179
54811,legitimate,0.8725,0,0,7.789468050003052
25375,malicious,0.7224999999999999,1,1,5.364037990570068
25743,malicious,0.7508499999999999,1,1,3.972627878189087
59368,malicious,0.7224999999999999,1,1,5.553921222686768
47721,legitimate,0.85675,0,0,6.824566125869751
32463,malicious,0.7224999999999999,1,1,9.863338232040405
56385,malicious,0.7224999999999999,1,1,5.638666152954102
46048,legitimate,0.8725,0,0,6.162080764770508
41261,malicious,0.7224999999999999,1,1,5.675845146179199
28149,legitimate,0.8725,0,0,6.710052013397217
53849,legitimate,0.8725,0,0,7.783487558364868
6499,legitimate,0.8725,0,0,8.754833459854126
47484,malicious,0.7224999999999999,1,1,5.838547468185425
20625,legitimate,0.8725,0,0,3.7549922466278076
59598,legitimate,0.8725,0,0,4.339622735977173
11276,malicious,0.7350999999999999,1,1,2.8527987003326416
18526,legitimate,0.85675,0,0,11.672731161117554
628,malicious,0.7224999999999999,0,1,13.716071605682373
18442,legitimate,0.8725,0,0,7.499979496002197
31817,malicious,0.7224999999999999,0,1,17.81322717666626
23379,malicious,0.7224999999999999,1,1,9.509624719619751
15348,legitimate,0.8725,0,0,7.139132499694824
15135,legitimate,0.8725,1,0,8.447166681289673
57918,legitimate,0.8725,0,0,4.009716987609863
36904,legitimate,0.8725,0,0,9.013848781585693
38269,malicious,0.7224999999999999,1,1,6.467045545578003
65108,malicious,0.7224999999999999,0,1,7.438244342803955
75239,malicious,0.7224999999999999,1,1,4.890824556350708
63339,malicious,0.7224999999999999,1,1,6.783634662628174
77083,legitimate,0.8599,0,0,6.537799835205078
30757,malicious,0.73825,1,1,3.8023478984832764
40403,legitimate,0.8725,0,0,5.029973268508911
58703,malicious,0.7224999999999999,1,1,3.9063560962677
7321,legitimate,0.8725,0,0,3.3478918075561523
49524,legitimate,0.8725,0,0,7.6212828159332275
1222,malicious,0.7224999999999999,1,1,4.24020791053772
75828,legitimate,0.85675,0,0,8.220523118972778
40367,legitimate,0.8725,0,0,9.47306203842163
72604,legitimate,0.8725,0,0,4.354468107223511
36851,legitimate,0.8725,0,0,11.417911529541016
4511,legitimate,0.8725,0,0,9.024206161499023
8526,legitimate,0.8725,0,0,9.065582513809204
34668,malicious,0.7224999999999999,1,1,5.729013442993164
41514,malicious,0.7224999999999999,1,1,7.699896335601807
50544,legitimate,0.8725,1,0,9.109251260757446
68339,legitimate,0.8725,0,0,8.27987551689148
74999,legitimate,0.8725,0,0,8.059227466583252
60827,malicious,0.7224999999999999,1,1,4.999955177307129
26052,legitimate,0.8725,0,0,10.065772294998169
71372,legitimate,0.8725,0,0,3.1360697746276855
9274,malicious,0.7224999999999999,1,1,4.687279224395752
76432,malicious,0.7224999999999999,1,1,3.73767352104187
50933,legitimate,0.8725,0,0,3.0867013931274414
64957,legitimate,0.8725,0,0,9.050523519515991
254,legitimate,0.8725,0,0,5.097007751464844
34010,legitimate,0.8725,0,0,5.639544725418091
57723,malicious,0.7224999999999999,0,1,10.118816137313843
24295,legitimate,0.8725,0,0,3.822939157485962
34780,malicious,0.7224999999999999,0,1,7.002480745315552
26492,malicious,0.7224999999999999,0,1,6.115173816680908
62962,malicious,0.7224999999999999,1,1,3.391815662384033
14785,legitimate,0.8725,0,0,10.524542570114136
25544,legitimate,0.8725,0,0,4.81821870803833
45847,legitimate,0.85675,0,0,4.673357725143433
77267,malicious,0.7224999999999999,1,1,8.795411586761475
20238,legitimate,0.8725,0,0,7.6489787101745605
23738,legitimate,0.8455,1,0,20.978022813796997
74616,legitimate,0.8725,0,0,6.409832715988159
18667,malicious,0.7832499999999999,1,1,6.130730152130127
128,legitimate,0.84415,0,0,4.762239694595337
4671,legitimate,0.8725,0,0,7.1575634479522705
58089,legitimate,0.8725,0,0,3.490957498550415
69161,legitimate,0.8725,0,0,7.438579797744751
46308,legitimate,0.8725,0,0,4.056371450424194
75289,legitimate,0.8725,0,0,4.497384786605835
14625,legitimate,0.8455,0,0,2.9148826599121094
51679,legitimate,0.85675,0,0,11.814436912536621
54770,legitimate,0.8725,0,0,4.892060279846191
52289,malicious,0.7224999999999999,1,1,5.046255111694336
40061,legitimate,0.8725,0,0,8.531850099563599
70188,malicious,0.7224999999999999,0,1,9.000438213348389
631,malicious,0.7224999999999999,1,1,4.30631160736084
34253,legitimate,0.8725,0,0,7.978019714355469
8162,legitimate,0.8725,0,0,8.983949422836304
19156,legitimate,0.8725,0,0,5.793468713760376
31480,legitimate,0.8725,0,0,7.494182348251343
40016,malicious,0.7224999999999999,1,1,3.8688364028930664
24493,legitimate,0.8725,0,0,3.1724050045013428
57570,malicious,0.7224999999999999,1,1,10.538005113601685
35999,legitimate,0.8599,0,0,4.617551803588867
65875,legitimate,0.8725,0,0,3.4960923194885254
5344,legitimate,0.85675,0,0,5.471944570541382
14279,legitimate,0.85675,0,0,8.839154243469238
1127,legitimate,0.8725,0,0,7.494152784347534
18148,legitimate,0.8725,1,0,5.271264314651489
53968,legitimate,0.84415,0,0,5.12245774269104
4108,malicious,0.7224999999999999,1,1,6.690090656280518
12571,legitimate,0.8725,0,0,8.193143129348755
2360,malicious,0.7224999999999999,1,1,2.4074296951293945
61700,malicious,0.73825,1,1,26.460363149642944
65318,legitimate,0.8725,0,0,6.6828296184539795
51349,malicious,0.7224999999999999,1,1,5.099650144577026
39426,malicious,0.7224999999999999,1,1,5.003961563110352
22380,legitimate,0.8725,0,0,3.4778499603271484
50474,legitimate,0.84415,1,0,5.008212089538574
21422,malicious,0.7224999999999999,1,1,2.2530951499938965
6570,malicious,0.7224999999999999,1,1,5.97608208656311
57413,malicious,0.7224999999999999,0,1,10.814288139343262
51315,legitimate,0.85675,1,0,6.662461757659912
68480,malicious,0.7224999999999999,0,1,7.657472610473633
14821,malicious,0.7224999999999999,0,1,8.455932140350342
32302,malicious,0.7224999999999999,1,1,3.854663133621216
33320,legitimate,0.81175,0,0,3.4134621620178223
8505,legitimate,0.8725,0,0,3.5244932174682617
62985,legitimate,0.8725,0,0,8.189180135726929
32862,malicious,0.73825,0,1,12.790414571762085
31538,malicious,0.7224999999999999,1,1,5.999374628067017
35432,malicious,0.7224999999999999,1,1,5.929113864898682
56640,legitimate,0.8725,0,0,2.3860671520233154
26786,malicious,0.7224999999999999,1,1,5.012092113494873
8809,malicious,0.7224999999999999,0,1,6.371759653091431
33918,legitimate,0.85675,0,0,4.457149982452393
43936,legitimate,0.8725,0,0,5.992593765258789
57052,legitimate,0.8725,0,0,4.17736029624939
30296,malicious,0.73825,1,1,7.017877817153931
3086,legitimate,0.8725,0,0,4.958029508590698
29107,legitimate,0.8725,0,0,4.978321552276611
62284,malicious,0.7224999999999999,0,1,8.68320369720459
1816,malicious,0.7508499999999999,0,1,12.707804441452026
72013,legitimate,0.8725,1,0,4.982515811920166
75275,legitimate,0.8725,0,0,4.347625970840454
8627,legitimate,0.8725,0,0,7.851681470870972
70960,malicious,0.7350999999999999,1,1,7.380477666854858
17453,malicious,0.7224999999999999,1,1,24.517146110534668
17349,legitimate,0.8599,0,0,7.53258490562439
49500,legitimate,0.8725,0,0,18.313172340393066
35174,malicious,0.7224999999999999,1,1,3.3325634002685547
27297,malicious,0.7224999999999999,1,1,5.7113916873931885
45560,malicious,0.7224999999999999,1,1,5.829037189483643
11148,legitimate,0.8599,0,0,3.970507860183716
53492,legitimate,0.8725,0,0,6.376804351806641
48681,legitimate,0.8725,0,0,5.659233808517456
41162,malicious,0.7224999999999999,0,1,20.800277709960938
73481,legitimate,0.8725,0,0,5.740323305130005
28551,legitimate,0.8725,0,0,3.8123881816864014
24581,malicious,0.7224999999999999,1,1,4.825620889663696
62834,legitimate,0.8725,0,0,5.963014364242554
31026,legitimate,0.85675,0,0,5.526319980621338
6686,malicious,0.7224999999999999,1,1,34.297900915145874
26319,legitimate,0.8725,0,0,3.7396881580352783
6197,malicious,0.7224999999999999,1,1,6.846127510070801
18621,legitimate,0.8725,0,0,2.6961636543273926
59909,malicious,0.7224999999999999,0,1,15.112173318862915
68591,legitimate,0.8725,0,0,6.81454873085022
55614,malicious,0.7224999999999999,1,1,12.797800540924072
34667,legitimate,0.8725,0,0,10.91876220703125
1521,legitimate,0.8725,0,0,3.377227544784546
32725,malicious,0.7224999999999999,1,1,6.377434968948364
58379,malicious,0.7224999999999999,1,1,4.627040386199951
702,legitimate,0.8725,0,0,5.628096103668213
75938,legitimate,0.8725,0,0,4.646359205245972
62583,legitimate,0.84415,0,0,4.665498733520508
59691,malicious,0.7224999999999999,1,1,6.939565896987915
50696,malicious,0.7224999999999999,1,1,7.461679935455322
29539,legitimate,0.8725,0,0,5.1455090045928955
77259,legitimate,0.8725,0,0,4.700424432754517
63568,legitimate,0.8725,0,0,3.145559072494507
9135,malicious,0.7224999999999999,1,1,7.468111753463745
77224,legitimate,0.84415,0,0,4.92241358757019
77389,legitimate,0.8725,0,0,6.21823263168335
5325,malicious,0.7224999999999999,1,1,6.216727018356323
45758,legitimate,0.8725,0,0,3.2600860595703125
18011,malicious,0.7224999999999999,0,1,10.08461618423462
49085,malicious,0.7224999999999999,1,1,8.594247341156006
8247,legitimate,0.8725,0,0,4.800680160522461
22125,malicious,0.7224999999999999,1,1,4.2443459033966064
3883,malicious,0.7224999999999999,1,1,9.795253038406372
60215,malicious,0.7224999999999999,1,1,6.397458791732788
58462,legitimate,0.8725,0,0,6.404377698898315
69170,legitimate,0.8725,0,0,8.789220094680786
21372,legitimate,0.8725,0,0,14.278911828994751
60466,malicious,0.7224999999999999,1,1,3.8139076232910156
8285,malicious,0.73825,1,1,5.644111633300781
73180,legitimate,0.8725,0,0,5.664896249771118
9909,malicious,0.7224999999999999,1,1,24.162073850631714
25087,malicious,0.7224999999999999,1,1,4.219343900680542
44604,malicious,0.7224999999999999,1,1,7.176865100860596
40707,legitimate,0.8725,0,0,5.8776891231536865
1286,malicious,0.7224999999999999,1,1,2.531118631362915
37909,legitimate,0.85675,0,0,5.068346738815308
60723,legitimate,0.8725,1,0,14.378753185272217
23301,legitimate,0.85675,0,0,6.21758508682251
6393,malicious,0.7224999999999999,1,1,10.601952075958252
11984,malicious,0.7224999999999999,1,1,6.822324275970459
37219,malicious,0.7224999999999999,1,1,3.0319478511810303
22775,legitimate,0.8725,0,0,5.399154424667358
46640,legitimate,0.8725,0,0,5.141610383987427
56062,malicious,0.7224999999999999,0,1,6.317026376724243
49205,legitimate,0.8725,0,0,5.401877164840698
33511,legitimate,0.8725,0,0,6.508599758148193
34733,legitimate,0.8599,0,0,8.45400857925415
54966,legitimate,0.8725,0,0,9.553515911102295
2084,legitimate,0.8725,1,0,7.8319807052612305
35203,malicious,0.7224999999999999,1,1,5.884071111679077
65763,legitimate,0.8725,0,0,5.694345712661743
20315,legitimate,0.8725,0,0,4.335000038146973
18389,malicious,0.7224999999999999,1,1,3.109616756439209
43762,malicious,0.7224999999999999,1,1,6.981136798858643
36616,malicious,0.7224999999999999,1,1,4.9547858238220215
17161,malicious,0.73825,1,1,3.2225327491760254
34164,legitimate,0.8725,0,0,3.8355278968811035
3378,malicious,0.7224999999999999,0,1,6.819380521774292
14595,legitimate,0.8725,0,0,3.1408252716064453
10721,malicious,0.73825,1,1,11.454816102981567
2260,legitimate,0.85675,0,0,4.8017261028289795
71344,malicious,0.7494999999999999,1,1,5.666714429855347
47030,legitimate,0.8725,0,0,3.0809295177459717
19235,legitimate,0.8725,0,0,2.938150644302368
1968,legitimate,0.8725,1,0,6.832173109054565
11857,malicious,0.7224999999999999,1,1,3.7803025245666504
27160,malicious,0.7224999999999999,1,1,7.244596242904663
74279,malicious,0.7224999999999999,1,1,4.2575318813323975
10021,legitimate,0.8725,0,0,5.194124460220337
76754,malicious,0.7224999999999999,1,1,4.2815260887146
26916,malicious,0.7224999999999999,0,1,13.466065168380737
51518,legitimate,0.8725,0,0,5.921702146530151
30297,legitimate,0.8725,0,0,12.205353498458862
48031,malicious,0.7224999999999999,1,1,9.721765756607056
58905,malicious,0.7224999999999999,0,1,7.0965657234191895
12083,malicious,0.7224999999999999,0,1,6.553183078765869
20313,malicious,0.7224999999999999,1,1,6.523842811584473
51660,legitimate,0.8725,0,0,8.90555214881897
70578,legitimate,0.8599,0,0,8.009903907775879
61570,legitimate,0.8725,0,0,11.038028240203857
52540,malicious,0.7224999999999999,1,1,7.662997722625732
20298,legitimate,0.8725,0,0,4.469305515289307
41729,malicious,0.7224999999999999,1,1,4.231961488723755
65027,malicious,0.7224999999999999,1,1,2.9360949993133545
23012,legitimate,0.8725,0,0,6.608869314193726
59840,malicious,0.7224999999999999,1,1,2.766906499862671
63845,malicious,0.7224999999999999,1,1,4.793144226074219
19558,malicious,0.7224999999999999,1,1,2.673076629638672
74883,malicious,0.7350999999999999,1,1,4.085455894470215
70890,legitimate,0.8725,0,0,3.512620687484741
45816,malicious,0.7224999999999999,1,1,3.7550323009490967
34250,legitimate,0.8725,0,0,6.229036092758179
49912,malicious,0.7224999999999999,1,1,5.412998676300049
71478,legitimate,0.8725,0,0,4.536950588226318
69617,legitimate,0.8725,0,0,4.637432813644409
32432,malicious,0.7508499999999999,1,1,3.4067542552948
54489,malicious,0.7224999999999999,1,1,4.057456970214844
5087,malicious,0.7224999999999999,1,1,3.222282886505127
59245,malicious,0.7224999999999999,1,1,5.046088695526123
54300,malicious,0.7224999999999999,1,1,3.050351142883301
75680,legitimate,0.8725,0,0,2.5317742824554443
50867,legitimate,0.8725,0,0,2.3497774600982666
55048,malicious,0.7224999999999999,1,1,3.178975820541382
51545,legitimate,0.8725,0,0,3.846889019012451
68401,malicious,0.7224999999999999,1,1,4.6419970989227295
6319,legitimate,0.8725,0,0,4.306601047515869
680,legitimate,0.8725,0,0,7.185711145401001
15364,malicious,0.7224999999999999,1,1,4.770535707473755
4347,legitimate,0.8725,0,0,8.984389543533325
22851,malicious,0.7224999999999999,1,1,4.150225877761841
61764,legitimate,0.85675,0,0,11.344251871109009
49055,legitimate,0.8725,0,0,5.129091024398804
11584,legitimate,0.8725,0,0,8.380658388137817
15577,malicious,0.7508499999999999,1,1,3.6969752311706543
15873,malicious,0.7224999999999999,0,1,5.881093502044678
56856,legitimate,0.8725,0,0,7.985656976699829
12036,malicious,0.7224999999999999,1,1,5.820465564727783
27967,malicious,0.7224999999999999,1,1,3.7596755027770996
73726,legitimate,0.8725,0,0,12.11198377609253
34159,malicious,0.7224999999999999,1,1,6.655068635940552
13717,malicious,0.7224999999999999,0,1,7.7941107749938965
18057,legitimate,0.8725,0,0,3.4423036575317383
17213,legitimate,0.8725,0,0,4.426913022994995
38407,legitimate,0.8455,0,0,8.77120065689087
2649,legitimate,0.8725,0,0,2.911388635635376
67738,legitimate,0.85675,0,0,4.884762287139893
25209,malicious,0.7224999999999999,0,1,6.986481189727783
3343,malicious,0.7224999999999999,1,1,5.0294029712677
67461,malicious,0.7224999999999999,0,1,6.463609457015991
76464,legitimate,0.8725,0,0,4.515380859375
66180,legitimate,0.8725,0,0,3.7265148162841797
23159,malicious,0.7224999999999999,1,1,4.0219104290008545
7028,legitimate,0.8725,0,0,7.765846014022827
69458,malicious,0.7224999999999999,1,1,8.422096490859985
35346,malicious,0.7224999999999999,1,1,9.093851327896118
76033,malicious,0.7224999999999999,1,1,7.506971597671509
52627,legitimate,0.8725,0,0,11.085142374038696
60170,legitimate,0.8725,0,0,4.5562896728515625
65693,legitimate,0.85675,1,0,6.954377174377441
74901,legitimate,0.85675,0,0,12.0081467628479
26911,malicious,0.7224999999999999,1,1,12.064910173416138
68575,malicious,0.7224999999999999,1,1,3.9305739402770996
48591,legitimate,0.8725,1,0,7.013921022415161
35245,legitimate,0.8725,0,0,7.934190034866333
72801,malicious,0.7224999999999999,1,1,5.287973403930664
68068,malicious,0.7449999999999999,1,1,4.409262657165527
40211,legitimate,0.8725,0,0,5.809458017349243
75148,malicious,0.7350999999999999,1,1,2.6419613361358643
6265,malicious,0.7224999999999999,1,1,12.777130603790283
30182,legitimate,0.8725,0,0,7.323458433151245
19717,malicious,0.7224999999999999,1,1,3.622429847717285
24206,malicious,0.7224999999999999,0,1,9.131995916366577
71330,malicious,0.7224999999999999,1,1,2.535869598388672
44668,malicious,0.7224999999999999,1,1,4.587461471557617
64445,legitimate,0.8725,0,0,4.693783521652222
7859,legitimate,0.8725,0,0,6.846759796142578
7295,legitimate,0.85675,0,0,7.693152904510498
29490,malicious,0.73825,1,1,5.577183723449707
23436,legitimate,0.8725,0,0,5.839858531951904
41637,malicious,0.7476999999999999,1,1,3.3965792655944824
13485,malicious,0.7224999999999999,1,1,5.952175617218018
70866,legitimate,0.8725,1,0,7.173194646835327
11402,malicious,0.7224999999999999,1,1,5.607379198074341
48176,legitimate,0.8725,0,0,6.372217655181885
43292,legitimate,0.8725,0,0,9.965332746505737
30266,legitimate,0.8725,0,0,5.925222873687744
22221,malicious,0.7224999999999999,1,1,2.670957326889038
42539,legitimate,0.8725,0,0,4.602023363113403
13819,legitimate,0.8725,0,0,4.791882276535034
41964,malicious,0.7224999999999999,1,1,4.476858377456665
73406,malicious,0.7224999999999999,0,1,7.955020427703857
31642,malicious,0.7224999999999999,1,1,3.0555453300476074
17613,legitimate,0.84415,0,0,9.675630569458008
60969,malicious,0.7224999999999999,0,1,8.684983015060425
75241,legitimate,0.81175,0,0,9.799928188323975
1292,legitimate,0.8725,0,0,4.382908821105957
40336,legitimate,0.8455,0,0,9.880066871643066
73835,malicious,0.7224999999999999,1,1,4.4508216381073
67364,legitimate,0.8725,0,0,5.819601535797119
5942,legitimate,0.8725,0,0,9.816080093383789
50405,legitimate,0.8725,0,0,6.224505186080933
50571,malicious,0.7224999999999999,1,1,2.912635087966919
43411,malicious,0.7224999999999999,1,1,9.489696741104126
45943,malicious,0.7224999999999999,1,1,3.4842422008514404
62548,malicious,0.7350999999999999,1,1,2.5910329818725586
2624,malicious,0.7224999999999999,1,1,2.595878839492798
65622,legitimate,0.8725,0,0,7.61968469619751
11551,malicious,0.7224999999999999,1,1,4.826380491256714
2450,legitimate,0.8725,0,0,5.670056581497192
56834,malicious,0.7224999999999999,1,1,2.9107189178466797
33601,legitimate,0.8725,0,0,8.16893482208252
5883,malicious,0.7224999999999999,1,1,9.13944125175476
16165,legitimate,0.8725,0,0,7.334212779998779
66440,legitimate,0.8725,0,0,5.493703603744507
35427,malicious,0.7224999999999999,1,1,4.723401784896851
3856,malicious,0.73825,0,1,8.964908838272095
46514,malicious,0.7224999999999999,1,1,5.687057018280029
41961,legitimate,0.8725,0,0,5.221390247344971
31623,legitimate,0.8725,0,0,5.318158864974976
66590,legitimate,0.8599,0,0,3.8426692485809326
70472,malicious,0.7224999999999999,1,1,5.207239866256714
45394,malicious,0.7224999999999999,1,1,4.551983118057251
59358,malicious,0.7350999999999999,1,1,4.760279178619385
35889,legitimate,0.8725,0,0,8.009547233581543
23823,malicious,0.7224999999999999,1,1,5.896564960479736
49904,malicious,0.7224999999999999,1,1,4.906883955001831
5844,legitimate,0.8725,0,0,8.980449676513672
45108,malicious,0.7224999999999999,1,1,4.290985345840454
29881,malicious,0.7224999999999999,1,1,2.736516237258911
21044,legitimate,0.8725,0,0,6.2081968784332275
67282,legitimate,0.8725,0,0,7.60373592376709
17556,legitimate,0.8725,0,0,12.115028381347656
64724,legitimate,0.8725,0,0,6.633748531341553
54658,malicious,0.73825,1,1,3.8423404693603516
20566,legitimate,0.8725,0,0,3.073582649230957
54904,malicious,0.7224999999999999,1,1,6.147210359573364
16781,malicious,0.7350999999999999,1,1,3.3542323112487793
12308,legitimate,0.8725,0,0,3.551241159439087
57683,malicious,0.7224999999999999,1,1,4.511309623718262
16447,legitimate,0.8725,0,0,6.9647462368011475
67737,legitimate,0.8725,0,0,6.231748819351196
33466,malicious,0.7224999999999999,1,1,5.3694963455200195
49953,legitimate,0.8725,0,0,10.905807971954346
53918,legitimate,0.8725,0,0,11.335769414901733
29262,malicious,0.7224999999999999,1,1,10.389495134353638
45122,malicious,0.7224999999999999,1,1,3.8156800270080566
49809,malicious,0.7224999999999999,1,1,12.328266620635986
26801,malicious,0.7224999999999999,1,1,5.85286021232605
56875,legitimate,0.8725,0,0,7.471796274185181
1484,legitimate,0.8725,0,0,6.80829930305481
77235,malicious,0.7224999999999999,1,1,8.289549350738525
18253,malicious,0.7224999999999999,1,1,5.750558853149414
70944,legitimate,0.8725,0,0,6.073411703109741
77130,malicious,0.7224999999999999,1,1,5.645100116729736
14605,malicious,0.7224999999999999,1,1,3.8483405113220215
48310,legitimate,0.8725,0,0,5.436436653137207
23836,legitimate,0.8725,0,0,7.432015657424927
65500,malicious,0.7224999999999999,0,1,8.058502912521362
7181,malicious,0.7224999999999999,1,1,6.761291742324829
20351,legitimate,0.8725,0,0,13.747706174850464
68374,malicious,0.7224999999999999,1,1,7.589573383331299
61927,malicious,0.7224999999999999,1,1,12.769859313964844
37754,malicious,0.7224999999999999,1,1,5.066574573516846
4156,malicious,0.7224999999999999,1,1,6.097267150878906
71166,malicious,0.73825,1,1,4.836442470550537
48142,malicious,0.7224999999999999,0,1,9.16531252861023
34340,legitimate,0.8725,0,0,10.197285413742065
75651,legitimate,0.8725,0,0,4.146895170211792
2593,legitimate,0.8725,0,0,11.479462385177612
19035,legitimate,0.8725,0,0,10.622648477554321
5821,legitimate,0.84415,0,0,8.213483572006226
3320,legitimate,0.8725,0,0,10.420161962509155
22039,malicious,0.7224999999999999,1,1,6.686253547668457
20125,malicious,0.7224999999999999,1,1,12.059469223022461
32179,legitimate,0.8725,0,0,13.915663480758667
63493,malicious,0.7224999999999999,0,1,19.11581254005432
39338,malicious,0.73825,1,1,6.393768072128296
35385,malicious,0.7224999999999999,1,1,2.6841046810150146
63026,malicious,0.7224999999999999,0,1,13.129696607589722
69532,legitimate,0.8725,0,0,14.78335452079773
44694,malicious,0.73825,1,1,3.9270622730255127
24896,malicious,0.7224999999999999,1,1,6.649027109146118
29154,malicious,0.7508499999999999,1,1,4.271960020065308
12703,malicious,0.7224999999999999,1,1,6.0350916385650635
29424,legitimate,0.8725,0,0,9.026263952255249
62880,malicious,0.7508499999999999,1,1,4.361670017242432
48585,malicious,0.7224999999999999,1,1,4.2729151248931885
36793,legitimate,0.8725,0,0,5.769029378890991
68398,malicious,0.7224999999999999,1,1,4.829421520233154
35318,legitimate,0.8725,0,0,3.2501027584075928
9076,malicious,0.7224999999999999,0,1,7.267072916030884
27228,legitimate,0.8725,0,0,7.463821887969971
73360,malicious,0.7508499999999999,1,1,6.334362268447876
64885,malicious,0.7224999999999999,1,1,4.402386426925659
58662,malicious,0.7224999999999999,0,1,15.624274730682373
72880,legitimate,0.8725,0,0,6.521311283111572
10035,legitimate,0.84415,0,0,11.159341096878052
10090,malicious,0.7224999999999999,1,1,6.484250068664551
29680,malicious,0.7224999999999999,0,1,9.914073705673218
43783,malicious,0.7224999999999999,1,1,5.269496202468872
47897,malicious,0.73825,0,1,9.82148289680481
10269,malicious,0.7224999999999999,1,1,4.872413396835327
15321,legitimate,0.8725,0,0,5.4772868156433105
50348,malicious,0.7224999999999999,1,1,3.300293207168579
6392,malicious,0.7224999999999999,1,1,12.037814378738403
38867,legitimate,0.8725,0,0,7.372543096542358
26101,legitimate,0.85675,0,0,9.960535287857056
65975,legitimate,0.8725,0,0,3.3831541538238525
26437,malicious,0.7350999999999999,1,1,3.5624265670776367
6001,legitimate,0.8725,0,0,8.03295636177063
8406,malicious,0.73825,1,1,3.3725810050964355
6457,legitimate,0.8725,0,0,7.73157811164856
46791,legitimate,0.8725,0,0,4.2855143547058105
1793,legitimate,0.8725,0,0,3.4204866886138916
45035,malicious,0.7224999999999999,1,1,5.9367516040802
45601,legitimate,0.8725,0,0,5.113471984863281
17826,legitimate,0.83155,0,0,7.795037508010864
14601,malicious,0.7508499999999999,1,1,4.086572885513306
34850,malicious,0.7224999999999999,1,1,5.4274513721466064
49619,legitimate,0.8725,1,0,9.114830255508423
19812,malicious,0.7224999999999999,1,1,6.881282091140747
65788,malicious,0.7224999999999999,1,1,7.627319574356079
4469,legitimate,0.8725,0,0,10.057605981826782
31079,malicious,0.7224999999999999,1,1,6.859598159790039
57737,malicious,0.7224999999999999,1,1,9.391231775283813
43050,legitimate,0.8725,1,0,11.467733144760132
11528,malicious,0.7350999999999999,1,1,6.32727575302124
24580,legitimate,0.8725,1,0,11.715663194656372
31676,malicious,0.7224999999999999,0,1,14.238624811172485
25985,legitimate,0.8725,0,0,30.085792303085327
27801,malicious,0.7224999999999999,1,1,5.066840171813965
5206,legitimate,0.8725,0,0,11.1700119972229
12419,malicious,0.7224999999999999,1,1,7.354405879974365
35439,malicious,0.7224999999999999,1,1,4.91227650642395
55510,legitimate,0.8725,0,0,12.15088939666748
31432,legitimate,0.8725,0,0,7.193097352981567
57476,malicious,0.73825,1,1,5.4078052043914795
39512,legitimate,0.8725,0,0,11.708032608032227
61174,malicious,0.7350999999999999,1,1,6.62064790725708
71931,malicious,0.7224999999999999,1,1,11.065033912658691
57586,malicious,0.7449999999999999,1,1,4.075228929519653
64582,malicious,0.7476999999999999,1,1,7.628515958786011
43072,legitimate,0.8725,0,0,9.468966960906982
58996,malicious,0.7224999999999999,1,1,7.693751573562622
30171,malicious,0.7224999999999999,1,1,11.59364128112793
39150,malicious,0.7224999999999999,1,1,7.218706130981445
8773,malicious,0.7224999999999999,1,1,12.139702081680298
72754,malicious,0.7224999999999999,0,1,18.782201766967773
22653,malicious,0.7224999999999999,1,1,17.959697484970093
12690,malicious,0.7224999999999999,1,1,11.793571472167969
42160,legitimate,0.8725,0,0,7.274064540863037
55942,malicious,0.7224999999999999,1,1,4.521833658218384
72257,legitimate,0.8725,0,0,7.875523567199707
4664,malicious,0.7224999999999999,1,1,3.5389466285705566
49653,legitimate,0.8725,0,0,5.295522928237915
9054,malicious,0.7224999999999999,1,1,3.784437894821167
11426,malicious,0.7224999999999999,1,1,5.6059887409210205
50535,malicious,0.7224999999999999,0,1,15.188106298446655
54435,malicious,0.7494999999999999,1,1,9.47623586654663
43582,legitimate,0.8725,0,0,4.205397367477417
32170,malicious,0.7508499999999999,0,1,12.027150392532349
26308,legitimate,0.83155,0,0,4.782544374465942
31839,malicious,0.7224999999999999,1,1,2.6608660221099854
53179,malicious,0.7224999999999999,0,1,5.8328857421875
76867,legitimate,0.8725,0,0,5.439760446548462
68456,malicious,0.7494999999999999,1,1,5.695297479629517
51470,malicious,0.73825,0,1,8.014384746551514
68614,legitimate,0.8725,0,0,7.330873489379883
2827,legitimate,0.8725,0,0,4.123371362686157
5267,malicious,0.7224999999999999,1,1,6.006699085235596
64509,malicious,0.7224999999999999,1,1,7.395316123962402
54876,malicious,0.7224999999999999,0,1,14.347853183746338
65753,malicious,0.7224999999999999,0,1,7.7208850383758545
6990,legitimate,0.8725,0,0,7.2089691162109375
41732,malicious,0.7224999999999999,1,1,5.882198095321655
49944,legitimate,0.8725,0,0,9.86892318725586
69840,legitimate,0.8725,0,0,7.001254081726074
76790,malicious,0.7224999999999999,0,1,10.96668529510498
821,malicious,0.7224999999999999,1,1,8.803565979003906
35822,legitimate,0.8725,0,0,7.63830041885376
53250,legitimate,0.8725,0,0,13.99411654472351
65401,legitimate,0.8725,0,0,9.117572546005249
5450,legitimate,0.8725,1,0,8.803826332092285
69809,legitimate,0.8725,0,0,5.780266523361206
68794,legitimate,0.8725,0,0,4.786783218383789
8387,legitimate,0.8725,0,0,6.533202171325684
38642,legitimate,0.8725,0,0,3.3989007472991943
66377,malicious,0.7832499999999999,0,1,6.903279781341553
41269,legitimate,0.8725,0,0,6.872751474380493
66864,malicious,0.7224999999999999,1,1,15.68488335609436
58522,legitimate,0.8725,0,0,3.5803561210632324
17536,legitimate,0.8599,0,0,5.591406583786011
68085,legitimate,0.8725,0,0,5.836981534957886
48390,malicious,0.7224999999999999,1,1,9.8908212184906
30928,malicious,0.7224999999999999,1,1,7.7825236320495605
8880,malicious,0.7224999999999999,1,1,3.6831202507019043
51999,malicious,0.7224999999999999,1,1,8.71418309211731
3508,legitimate,0.8725,0,0,5.5776283740997314
38247,malicious,0.7224999999999999,1,1,6.801970481872559
73535,legitimate,0.8725,0,0,21.257210969924927
75827,malicious,0.7224999999999999,1,1,9.681739330291748
13610,malicious,0.7224999999999999,1,1,9.957699537277222
8148,legitimate,0.8725,0,0,5.303256273269653
57853,legitimate,0.8725,0,0,4.539247512817383
9599,legitimate,0.8725,0,0,10.039950132369995
2727,malicious,0.7224999999999999,1,1,3.5469539165496826
61118,legitimate,0.8725,0,0,3.917562484741211
52690,legitimate,0.8725,0,0,5.185476779937744
47175,legitimate,0.8725,0,0,18.675318241119385
44544,malicious,0.7224999999999999,1,1,6.314916372299194
31540,malicious,0.7224999999999999,1,1,3.9690778255462646
57455,malicious,0.7224999999999999,1,1,3.2404086589813232
7279,malicious,0.7224999999999999,1,1,3.265432596206665
15269,malicious,0.7224999999999999,1,1,9.021995544433594
70444,malicious,0.7224999999999999,1,1,5.99891996383667
2055,malicious,0.7224999999999999,1,1,3.482090711593628
46257,malicious,0.7508499999999999,1,1,8.121649026870728
60382,legitimate,0.8725,0,0,4.95571494102478
47950,malicious,0.7224999999999999,0,1,16.4001784324646
68059,malicious,0.7224999999999999,1,1,8.620510816574097
10956,malicious,0.73825,1,1,7.821998119354248
73976,malicious,0.7224999999999999,0,1,7.378060817718506
21912,malicious,0.7350999999999999,1,1,10.168907880783081
15521,legitimate,0.8725,0,0,20.78985595703125
75655,legitimate,0.8725,0,0,6.628325939178467
73735,legitimate,0.8725,0,0,6.271154165267944
59493,legitimate,0.8725,0,0,9.237063646316528
41906,legitimate,0.8725,0,0,4.905032396316528
19252,legitimate,0.8725,0,0,11.133719205856323
51226,legitimate,0.8725,0,0,5.395501375198364
3138,legitimate,0.8455,0,0,3.8259904384613037
41892,malicious,0.7224999999999999,1,1,6.251553297042847
72965,malicious,0.73825,1,1,3.16066575050354
64997,legitimate,0.8725,0,0,7.455018758773804
67973,legitimate,0.8725,0,0,8.114081621170044
2300,malicious,0.7224999999999999,1,1,6.2957680225372314
42183,malicious,0.7224999999999999,1,1,21.035026788711548
22402,malicious,0.7224999999999999,0,1,6.253328323364258
41827,legitimate,0.8725,0,0,3.6401331424713135
49141,legitimate,0.8725,0,0,5.4047417640686035
40407,malicious,0.73825,1,1,5.022496938705444
34539,legitimate,0.8725,0,0,10.271728038787842
62660,legitimate,0.8725,0,0,5.352390766143799
49864,legitimate,0.8725,0,0,7.912391662597656
30960,malicious,0.7224999999999999,1,1,4.929710149765015
47561,malicious,0.7224999999999999,0,1,16.972474098205566
43281,malicious,0.7224999999999999,0,1,6.572412967681885
16526,legitimate,0.8725,0,0,4.388048410415649
21407,legitimate,0.8725,1,0,5.072287321090698
16358,legitimate,0.8725,0,0,8.70981216430664
74390,malicious,0.7224999999999999,1,1,3.232433319091797
36430,malicious,0.7224999999999999,1,1,4.622416257858276
45746,legitimate,0.8725,1,0,7.575432538986206
25813,malicious,0.7224999999999999,0,1,8.066986799240112
15614,malicious,0.73825,0,1,7.47010350227356
71021,legitimate,0.8455,0,0,3.799628973007202
59725,malicious,0.7224999999999999,1,1,3.7325875759124756
57252,malicious,0.7224999999999999,0,1,8.135470151901245
61130,legitimate,0.8725,0,0,13.850194931030273
5143,legitimate,0.8725,0,0,6.995713233947754
8927,legitimate,0.8725,0,0,5.486212968826294
67893,legitimate,0.8725,0,0,3.215299367904663
475,legitimate,0.8725,0,0,4.518051624298096
59391,malicious,0.7224999999999999,1,1,3.8002352714538574
45612,malicious,0.7224999999999999,1,1,4.6773974895477295
